{"acc": 0.8282554505807478, "loss": 0.20064986508285765, "_timestamp": 1676674858.347251, "_runtime": 0.5218009948730469, "_step": 7, "_wandb": {"runtime": 0}}