{"train_loss": 0.011200988665223122, "epoch": 4, "trainer/global_step": 3749, "_timestamp": 1676887498.782932, "_runtime": 6.164070129394531, "_step": 74, "_wandb": {"runtime": 5}}