{"acc": 0.8513269340668269, "loss": 0.19806887069207157, "_timestamp": 1676674970.914552, "_runtime": 0.619642972946167, "_step": 7, "_wandb": {"runtime": 0}}